promo_code,cap_version_id,effective_from,effective_to,discount_rate_or_value,max_discount,min_order_value
WELCOME30,WELCOME30-v1,2026-06-01,2026-08-31,0.3,30000,40000
SUMMER20,SUMMER20-v1,2026-06-01,2026-07-31,0.2,25000,50000
SUMMER20,SUMMER20-v2,2026-08-01,2026-08-31,0.2,20000,50000
BIKE10K,BIKE10K-v1,2026-06-15,2026-07-31,10000.0,10000,30000
WEEKEND15,WEEKEND15-v1,2026-06-01,2026-08-31,0.15,20000,40000
RAINY25,RAINY25-v1,2026-07-01,2026-08-31,0.25,30000,40000
LOYAL50K,LOYAL50K-v1,2026-07-01,2026-08-31,50000.0,50000,150000
NEWFOOD50,NEWFOOD50-v1,2026-06-01,2026-07-14,0.5,50000,60000
NEWFOOD50,NEWFOOD50-v2,2026-07-15,2026-08-31,0.5,40000,60000
FOOD30,FOOD30-v1,2026-06-01,2026-07-31,0.3,40000,100000
FOOD30,FOOD30-v2,2026-08-01,2026-08-31,0.3,30000,100000
FOODWEEKEND20,FOODWEEKEND20-v1,2026-06-01,2026-08-31,0.2,30000,80000
FOODRAINY25,FOODRAINY25-v1,2026-07-01,2026-08-31,0.25,35000,70000
LUNCH15K,LUNCH15K-v1,2026-06-15,2026-08-31,15000.0,15000,60000
FREESHIP,FREESHIP-v1,2026-06-01,2026-08-31,1.0,25000,80000
