date_key,date,year,month,month_name,day,weekday_no,weekday_name,is_weekend,week_of_year,month_start,campaign,is_campaign_day
20260601,2026-06-01,2026,6,Tháng 6,1,1,Thứ Hai,False,23,2026-06-01,,False
20260602,2026-06-02,2026,6,Tháng 6,2,2,Thứ Ba,False,23,2026-06-01,,False
20260603,2026-06-03,2026,6,Tháng 6,3,3,Thứ Tư,False,23,2026-06-01,,False
20260604,2026-06-04,2026,6,Tháng 6,4,4,Thứ Năm,False,23,2026-06-01,,False
20260605,2026-06-05,2026,6,Tháng 6,5,5,Thứ Sáu,False,23,2026-06-01,,False
20260606,2026-06-06,2026,6,Tháng 6,6,6,Thứ Bảy,True,23,2026-06-01,,False
20260607,2026-06-07,2026,6,Tháng 6,7,7,Chủ Nhật,True,23,2026-06-01,,False
20260608,2026-06-08,2026,6,Tháng 6,8,1,Thứ Hai,False,24,2026-06-01,,False
20260609,2026-06-09,2026,6,Tháng 6,9,2,Thứ Ba,False,24,2026-06-01,,False
20260610,2026-06-10,2026,6,Tháng 6,10,3,Thứ Tư,False,24,2026-06-01,,False
20260611,2026-06-11,2026,6,Tháng 6,11,4,Thứ Năm,False,24,2026-06-01,,False
20260612,2026-06-12,2026,6,Tháng 6,12,5,Thứ Sáu,False,24,2026-06-01,,False
20260613,2026-06-13,2026,6,Tháng 6,13,6,Thứ Bảy,True,24,2026-06-01,,False
20260614,2026-06-14,2026,6,Tháng 6,14,7,Chủ Nhật,True,24,2026-06-01,,False
20260615,2026-06-15,2026,6,Tháng 6,15,1,Thứ Hai,False,25,2026-06-01,,False
20260616,2026-06-16,2026,6,Tháng 6,16,2,Thứ Ba,False,25,2026-06-01,,False
20260617,2026-06-17,2026,6,Tháng 6,17,3,Thứ Tư,False,25,2026-06-01,,False
20260618,2026-06-18,2026,6,Tháng 6,18,4,Thứ Năm,False,25,2026-06-01,6.18,True
20260619,2026-06-19,2026,6,Tháng 6,19,5,Thứ Sáu,False,25,2026-06-01,,False
20260620,2026-06-20,2026,6,Tháng 6,20,6,Thứ Bảy,True,25,2026-06-01,,False
20260621,2026-06-21,2026,6,Tháng 6,21,7,Chủ Nhật,True,25,2026-06-01,,False
20260622,2026-06-22,2026,6,Tháng 6,22,1,Thứ Hai,False,26,2026-06-01,,False
20260623,2026-06-23,2026,6,Tháng 6,23,2,Thứ Ba,False,26,2026-06-01,,False
20260624,2026-06-24,2026,6,Tháng 6,24,3,Thứ Tư,False,26,2026-06-01,,False
20260625,2026-06-25,2026,6,Tháng 6,25,4,Thứ Năm,False,26,2026-06-01,,False
20260626,2026-06-26,2026,6,Tháng 6,26,5,Thứ Sáu,False,26,2026-06-01,,False
20260627,2026-06-27,2026,6,Tháng 6,27,6,Thứ Bảy,True,26,2026-06-01,,False
20260628,2026-06-28,2026,6,Tháng 6,28,7,Chủ Nhật,True,26,2026-06-01,,False
20260629,2026-06-29,2026,6,Tháng 6,29,1,Thứ Hai,False,27,2026-06-01,,False
20260630,2026-06-30,2026,6,Tháng 6,30,2,Thứ Ba,False,27,2026-06-01,,False
20260701,2026-07-01,2026,7,Tháng 7,1,3,Thứ Tư,False,27,2026-07-01,,False
20260702,2026-07-02,2026,7,Tháng 7,2,4,Thứ Năm,False,27,2026-07-01,,False
20260703,2026-07-03,2026,7,Tháng 7,3,5,Thứ Sáu,False,27,2026-07-01,,False
20260704,2026-07-04,2026,7,Tháng 7,4,6,Thứ Bảy,True,27,2026-07-01,,False
20260705,2026-07-05,2026,7,Tháng 7,5,7,Chủ Nhật,True,27,2026-07-01,,False
20260706,2026-07-06,2026,7,Tháng 7,6,1,Thứ Hai,False,28,2026-07-01,,False
20260707,2026-07-07,2026,7,Tháng 7,7,2,Thứ Ba,False,28,2026-07-01,7.7,True
20260708,2026-07-08,2026,7,Tháng 7,8,3,Thứ Tư,False,28,2026-07-01,,False
20260709,2026-07-09,2026,7,Tháng 7,9,4,Thứ Năm,False,28,2026-07-01,,False
20260710,2026-07-10,2026,7,Tháng 7,10,5,Thứ Sáu,False,28,2026-07-01,,False
20260711,2026-07-11,2026,7,Tháng 7,11,6,Thứ Bảy,True,28,2026-07-01,,False
20260712,2026-07-12,2026,7,Tháng 7,12,7,Chủ Nhật,True,28,2026-07-01,,False
20260713,2026-07-13,2026,7,Tháng 7,13,1,Thứ Hai,False,29,2026-07-01,,False
20260714,2026-07-14,2026,7,Tháng 7,14,2,Thứ Ba,False,29,2026-07-01,,False
20260715,2026-07-15,2026,7,Tháng 7,15,3,Thứ Tư,False,29,2026-07-01,,False
20260716,2026-07-16,2026,7,Tháng 7,16,4,Thứ Năm,False,29,2026-07-01,,False
20260717,2026-07-17,2026,7,Tháng 7,17,5,Thứ Sáu,False,29,2026-07-01,,False
20260718,2026-07-18,2026,7,Tháng 7,18,6,Thứ Bảy,True,29,2026-07-01,,False
20260719,2026-07-19,2026,7,Tháng 7,19,7,Chủ Nhật,True,29,2026-07-01,,False
20260720,2026-07-20,2026,7,Tháng 7,20,1,Thứ Hai,False,30,2026-07-01,,False
20260721,2026-07-21,2026,7,Tháng 7,21,2,Thứ Ba,False,30,2026-07-01,,False
20260722,2026-07-22,2026,7,Tháng 7,22,3,Thứ Tư,False,30,2026-07-01,,False
20260723,2026-07-23,2026,7,Tháng 7,23,4,Thứ Năm,False,30,2026-07-01,,False
20260724,2026-07-24,2026,7,Tháng 7,24,5,Thứ Sáu,False,30,2026-07-01,,False
20260725,2026-07-25,2026,7,Tháng 7,25,6,Thứ Bảy,True,30,2026-07-01,,False
20260726,2026-07-26,2026,7,Tháng 7,26,7,Chủ Nhật,True,30,2026-07-01,,False
20260727,2026-07-27,2026,7,Tháng 7,27,1,Thứ Hai,False,31,2026-07-01,,False
20260728,2026-07-28,2026,7,Tháng 7,28,2,Thứ Ba,False,31,2026-07-01,,False
20260729,2026-07-29,2026,7,Tháng 7,29,3,Thứ Tư,False,31,2026-07-01,,False
20260730,2026-07-30,2026,7,Tháng 7,30,4,Thứ Năm,False,31,2026-07-01,,False
20260731,2026-07-31,2026,7,Tháng 7,31,5,Thứ Sáu,False,31,2026-07-01,,False
20260801,2026-08-01,2026,8,Tháng 8,1,6,Thứ Bảy,True,31,2026-08-01,,False
20260802,2026-08-02,2026,8,Tháng 8,2,7,Chủ Nhật,True,31,2026-08-01,,False
20260803,2026-08-03,2026,8,Tháng 8,3,1,Thứ Hai,False,32,2026-08-01,,False
20260804,2026-08-04,2026,8,Tháng 8,4,2,Thứ Ba,False,32,2026-08-01,,False
20260805,2026-08-05,2026,8,Tháng 8,5,3,Thứ Tư,False,32,2026-08-01,,False
20260806,2026-08-06,2026,8,Tháng 8,6,4,Thứ Năm,False,32,2026-08-01,,False
20260807,2026-08-07,2026,8,Tháng 8,7,5,Thứ Sáu,False,32,2026-08-01,,False
20260808,2026-08-08,2026,8,Tháng 8,8,6,Thứ Bảy,True,32,2026-08-01,8.8,True
20260809,2026-08-09,2026,8,Tháng 8,9,7,Chủ Nhật,True,32,2026-08-01,,False
20260810,2026-08-10,2026,8,Tháng 8,10,1,Thứ Hai,False,33,2026-08-01,,False
20260811,2026-08-11,2026,8,Tháng 8,11,2,Thứ Ba,False,33,2026-08-01,,False
20260812,2026-08-12,2026,8,Tháng 8,12,3,Thứ Tư,False,33,2026-08-01,,False
20260813,2026-08-13,2026,8,Tháng 8,13,4,Thứ Năm,False,33,2026-08-01,,False
20260814,2026-08-14,2026,8,Tháng 8,14,5,Thứ Sáu,False,33,2026-08-01,,False
20260815,2026-08-15,2026,8,Tháng 8,15,6,Thứ Bảy,True,33,2026-08-01,,False
20260816,2026-08-16,2026,8,Tháng 8,16,7,Chủ Nhật,True,33,2026-08-01,,False
20260817,2026-08-17,2026,8,Tháng 8,17,1,Thứ Hai,False,34,2026-08-01,,False
20260818,2026-08-18,2026,8,Tháng 8,18,2,Thứ Ba,False,34,2026-08-01,,False
20260819,2026-08-19,2026,8,Tháng 8,19,3,Thứ Tư,False,34,2026-08-01,,False
20260820,2026-08-20,2026,8,Tháng 8,20,4,Thứ Năm,False,34,2026-08-01,,False
20260821,2026-08-21,2026,8,Tháng 8,21,5,Thứ Sáu,False,34,2026-08-01,,False
20260822,2026-08-22,2026,8,Tháng 8,22,6,Thứ Bảy,True,34,2026-08-01,,False
20260823,2026-08-23,2026,8,Tháng 8,23,7,Chủ Nhật,True,34,2026-08-01,,False
20260824,2026-08-24,2026,8,Tháng 8,24,1,Thứ Hai,False,35,2026-08-01,,False
20260825,2026-08-25,2026,8,Tháng 8,25,2,Thứ Ba,False,35,2026-08-01,,False
20260826,2026-08-26,2026,8,Tháng 8,26,3,Thứ Tư,False,35,2026-08-01,,False
20260827,2026-08-27,2026,8,Tháng 8,27,4,Thứ Năm,False,35,2026-08-01,,False
20260828,2026-08-28,2026,8,Tháng 8,28,5,Thứ Sáu,False,35,2026-08-01,,False
20260829,2026-08-29,2026,8,Tháng 8,29,6,Thứ Bảy,True,35,2026-08-01,,False
20260830,2026-08-30,2026,8,Tháng 8,30,7,Chủ Nhật,True,35,2026-08-01,,False
20260831,2026-08-31,2026,8,Tháng 8,31,1,Thứ Hai,False,36,2026-08-01,,False
