month_start,service,region_id,hex_id,segment,budget_vnd
2026-06-01,Food,HN,864143687ffffff,Loyal,1100000
2026-06-01,Food,HN,864143687ffffff,New,100000
2026-06-01,Food,HN,864143687ffffff,Regular,800000
2026-06-01,Food,HN,864143697ffffff,Loyal,5600000
2026-06-01,Food,HN,864143697ffffff,New,1800000
2026-06-01,Food,HN,864143697ffffff,Regular,5800000
2026-06-01,Food,HN,86414369fffffff,Loyal,300000
2026-06-01,Food,HN,86414369fffffff,New,200000
2026-06-01,Food,HN,86414369fffffff,Regular,1800000
2026-06-01,Food,HN,8641436a7ffffff,Loyal,2400000
2026-06-01,Food,HN,8641436a7ffffff,New,300000
2026-06-01,Food,HN,8641436a7ffffff,Regular,2500000
2026-06-01,Food,HN,8641436b7ffffff,Loyal,1600000
2026-06-01,Food,HN,8641436b7ffffff,New,500000
2026-06-01,Food,HN,8641436b7ffffff,Regular,2600000
2026-06-01,Food,HN,86414379fffffff,Loyal,900000
2026-06-01,Food,HN,86414379fffffff,New,200000
2026-06-01,Food,HN,86414379fffffff,Regular,1300000
2026-06-01,Food,HN,86415ca2fffffff,Loyal,2700000
2026-06-01,Food,HN,86415ca2fffffff,New,200000
2026-06-01,Food,HN,86415ca2fffffff,Regular,2800000
2026-06-01,Food,HN,86415ca47ffffff,Loyal,800000
2026-06-01,Food,HN,86415ca47ffffff,New,600000
2026-06-01,Food,HN,86415ca47ffffff,Regular,1300000
2026-06-01,Food,HN,86415ca67ffffff,Loyal,5100000
2026-06-01,Food,HN,86415ca67ffffff,New,1500000
2026-06-01,Food,HN,86415ca67ffffff,Regular,6700000
2026-06-01,Food,HN,86415ca6fffffff,Loyal,2600000
2026-06-01,Food,HN,86415ca6fffffff,New,500000
2026-06-01,Food,HN,86415ca6fffffff,Regular,4100000
2026-06-01,Food,HN,86415ca77ffffff,Loyal,1700000
2026-06-01,Food,HN,86415ca77ffffff,New,500000
2026-06-01,Food,HN,86415ca77ffffff,Regular,1300000
2026-06-01,Food,HN,86415cb47ffffff,Loyal,1900000
2026-06-01,Food,HN,86415cb47ffffff,New,800000
2026-06-01,Food,HN,86415cb47ffffff,Regular,4700000
2026-06-01,Food,HN,86415cb4fffffff,Loyal,4900000
2026-06-01,Food,HN,86415cb4fffffff,New,1500000
2026-06-01,Food,HN,86415cb4fffffff,Regular,10400000
2026-06-01,Food,HN,86415cb57ffffff,Loyal,1100000
2026-06-01,Food,HN,86415cb57ffffff,New,200000
2026-06-01,Food,HN,86415cb57ffffff,Regular,2200000
2026-06-01,Food,HN,86415cb5fffffff,Loyal,7300000
2026-06-01,Food,HN,86415cb5fffffff,New,1500000
2026-06-01,Food,HN,86415cb5fffffff,Regular,12200000
2026-06-01,Food,HN,86415cb67ffffff,Loyal,1700000
2026-06-01,Food,HN,86415cb67ffffff,New,500000
2026-06-01,Food,HN,86415cb67ffffff,Regular,3100000
2026-06-01,Food,HN,86415cb6fffffff,Loyal,6700000
2026-06-01,Food,HN,86415cb6fffffff,New,1000000
2026-06-01,Food,HN,86415cb6fffffff,Regular,5200000
2026-06-01,Food,HN,86415cb77ffffff,Loyal,500000
2026-06-01,Food,HN,86415cb77ffffff,New,300000
2026-06-01,Food,HN,86415cb77ffffff,Regular,1000000
2026-06-01,Ride,HN,864143687ffffff,Loyal,200000
2026-06-01,Ride,HN,864143687ffffff,New,100000
2026-06-01,Ride,HN,864143687ffffff,Regular,400000
2026-06-01,Ride,HN,864143697ffffff,Loyal,2500000
2026-06-01,Ride,HN,864143697ffffff,New,400000
2026-06-01,Ride,HN,864143697ffffff,Regular,2400000
2026-06-01,Ride,HN,86414369fffffff,Loyal,300000
2026-06-01,Ride,HN,86414369fffffff,New,100000
2026-06-01,Ride,HN,86414369fffffff,Regular,600000
2026-06-01,Ride,HN,8641436a7ffffff,Loyal,900000
2026-06-01,Ride,HN,8641436a7ffffff,New,100000
2026-06-01,Ride,HN,8641436a7ffffff,Regular,1100000
2026-06-01,Ride,HN,8641436b7ffffff,Loyal,900000
2026-06-01,Ride,HN,8641436b7ffffff,New,100000
2026-06-01,Ride,HN,8641436b7ffffff,Regular,1100000
2026-06-01,Ride,HN,86414379fffffff,Loyal,300000
2026-06-01,Ride,HN,86414379fffffff,New,100000
2026-06-01,Ride,HN,86414379fffffff,Regular,900000
2026-06-01,Ride,HN,86415ca2fffffff,Loyal,1100000
2026-06-01,Ride,HN,86415ca2fffffff,New,200000
2026-06-01,Ride,HN,86415ca2fffffff,Regular,1300000
2026-06-01,Ride,HN,86415ca47ffffff,Loyal,500000
2026-06-01,Ride,HN,86415ca47ffffff,New,100000
2026-06-01,Ride,HN,86415ca47ffffff,Regular,700000
2026-06-01,Ride,HN,86415ca67ffffff,Loyal,2100000
2026-06-01,Ride,HN,86415ca67ffffff,New,500000
2026-06-01,Ride,HN,86415ca67ffffff,Regular,3000000
2026-06-01,Ride,HN,86415ca6fffffff,Loyal,1000000
2026-06-01,Ride,HN,86415ca6fffffff,New,300000
2026-06-01,Ride,HN,86415ca6fffffff,Regular,900000
2026-06-01,Ride,HN,86415ca77ffffff,Loyal,600000
2026-06-01,Ride,HN,86415ca77ffffff,New,200000
2026-06-01,Ride,HN,86415ca77ffffff,Regular,900000
2026-06-01,Ride,HN,86415cb47ffffff,Loyal,800000
2026-06-01,Ride,HN,86415cb47ffffff,New,300000
2026-06-01,Ride,HN,86415cb47ffffff,Regular,1200000
2026-06-01,Ride,HN,86415cb4fffffff,Loyal,1900000
2026-06-01,Ride,HN,86415cb4fffffff,New,500000
2026-06-01,Ride,HN,86415cb4fffffff,Regular,2900000
2026-06-01,Ride,HN,86415cb57ffffff,Loyal,300000
2026-06-01,Ride,HN,86415cb57ffffff,New,100000
2026-06-01,Ride,HN,86415cb57ffffff,Regular,900000
2026-06-01,Ride,HN,86415cb5fffffff,Loyal,3100000
2026-06-01,Ride,HN,86415cb5fffffff,New,700000
2026-06-01,Ride,HN,86415cb5fffffff,Regular,5500000
2026-06-01,Ride,HN,86415cb67ffffff,Loyal,1000000
2026-06-01,Ride,HN,86415cb67ffffff,New,200000
2026-06-01,Ride,HN,86415cb67ffffff,Regular,1100000
2026-06-01,Ride,HN,86415cb6fffffff,Loyal,2000000
2026-06-01,Ride,HN,86415cb6fffffff,New,400000
2026-06-01,Ride,HN,86415cb6fffffff,Regular,2600000
2026-06-01,Ride,HN,86415cb77ffffff,Loyal,200000
2026-06-01,Ride,HN,86415cb77ffffff,New,100000
2026-06-01,Ride,HN,86415cb77ffffff,Regular,300000
2026-07-01,Food,HN,864143687ffffff,Loyal,900000
2026-07-01,Food,HN,864143687ffffff,New,400000
2026-07-01,Food,HN,864143687ffffff,Regular,1000000
2026-07-01,Food,HN,864143697ffffff,Loyal,7200000
2026-07-01,Food,HN,864143697ffffff,New,2700000
2026-07-01,Food,HN,864143697ffffff,Regular,7600000
2026-07-01,Food,HN,86414369fffffff,Loyal,400000
2026-07-01,Food,HN,86414369fffffff,New,700000
2026-07-01,Food,HN,86414369fffffff,Regular,1400000
2026-07-01,Food,HN,8641436a7ffffff,Loyal,2500000
2026-07-01,Food,HN,8641436a7ffffff,New,700000
2026-07-01,Food,HN,8641436a7ffffff,Regular,4400000
2026-07-01,Food,HN,8641436b7ffffff,Loyal,2400000
2026-07-01,Food,HN,8641436b7ffffff,New,1100000
2026-07-01,Food,HN,8641436b7ffffff,Regular,3100000
2026-07-01,Food,HN,86414379fffffff,Loyal,1000000
2026-07-01,Food,HN,86414379fffffff,New,200000
2026-07-01,Food,HN,86414379fffffff,Regular,900000
2026-07-01,Food,HN,86415ca2fffffff,Loyal,2400000
2026-07-01,Food,HN,86415ca2fffffff,New,1000000
2026-07-01,Food,HN,86415ca2fffffff,Regular,2400000
2026-07-01,Food,HN,86415ca47ffffff,Loyal,600000
2026-07-01,Food,HN,86415ca47ffffff,New,500000
2026-07-01,Food,HN,86415ca47ffffff,Regular,1400000
2026-07-01,Food,HN,86415ca67ffffff,Loyal,5900000
2026-07-01,Food,HN,86415ca67ffffff,New,2200000
2026-07-01,Food,HN,86415ca67ffffff,Regular,7500000
2026-07-01,Food,HN,86415ca6fffffff,Loyal,2200000
2026-07-01,Food,HN,86415ca6fffffff,New,900000
2026-07-01,Food,HN,86415ca6fffffff,Regular,2900000
2026-07-01,Food,HN,86415ca77ffffff,Loyal,1300000
2026-07-01,Food,HN,86415ca77ffffff,New,700000
2026-07-01,Food,HN,86415ca77ffffff,Regular,1500000
2026-07-01,Food,HN,86415cb47ffffff,Loyal,2200000
2026-07-01,Food,HN,86415cb47ffffff,New,800000
2026-07-01,Food,HN,86415cb47ffffff,Regular,3600000
2026-07-01,Food,HN,86415cb4fffffff,Loyal,5400000
2026-07-01,Food,HN,86415cb4fffffff,New,3400000
2026-07-01,Food,HN,86415cb4fffffff,Regular,7800000
2026-07-01,Food,HN,86415cb57ffffff,Loyal,1500000
2026-07-01,Food,HN,86415cb57ffffff,New,500000
2026-07-01,Food,HN,86415cb57ffffff,Regular,1900000
2026-07-01,Food,HN,86415cb5fffffff,Loyal,7800000
2026-07-01,Food,HN,86415cb5fffffff,New,3500000
2026-07-01,Food,HN,86415cb5fffffff,Regular,12000000
2026-07-01,Food,HN,86415cb67ffffff,Loyal,2500000
2026-07-01,Food,HN,86415cb67ffffff,New,1600000
2026-07-01,Food,HN,86415cb67ffffff,Regular,2800000
2026-07-01,Food,HN,86415cb6fffffff,Loyal,7000000
2026-07-01,Food,HN,86415cb6fffffff,New,2100000
2026-07-01,Food,HN,86415cb6fffffff,Regular,7200000
2026-07-01,Food,HN,86415cb77ffffff,Loyal,700000
2026-07-01,Food,HN,86415cb77ffffff,New,500000
2026-07-01,Food,HN,86415cb77ffffff,Regular,500000
2026-07-01,Ride,HN,864143687ffffff,Loyal,700000
2026-07-01,Ride,HN,864143687ffffff,New,200000
2026-07-01,Ride,HN,864143687ffffff,Regular,600000
2026-07-01,Ride,HN,864143697ffffff,Loyal,3800000
2026-07-01,Ride,HN,864143697ffffff,New,1500000
2026-07-01,Ride,HN,864143697ffffff,Regular,2900000
2026-07-01,Ride,HN,86414369fffffff,Loyal,300000
2026-07-01,Ride,HN,86414369fffffff,New,400000
2026-07-01,Ride,HN,86414369fffffff,Regular,600000
2026-07-01,Ride,HN,8641436a7ffffff,Loyal,1500000
2026-07-01,Ride,HN,8641436a7ffffff,New,600000
2026-07-01,Ride,HN,8641436a7ffffff,Regular,1400000
2026-07-01,Ride,HN,8641436b7ffffff,Loyal,1400000
2026-07-01,Ride,HN,8641436b7ffffff,New,400000
2026-07-01,Ride,HN,8641436b7ffffff,Regular,1300000
2026-07-01,Ride,HN,86414379fffffff,Loyal,500000
2026-07-01,Ride,HN,86414379fffffff,New,200000
2026-07-01,Ride,HN,86414379fffffff,Regular,600000
2026-07-01,Ride,HN,86415ca2fffffff,Loyal,1400000
2026-07-01,Ride,HN,86415ca2fffffff,New,400000
2026-07-01,Ride,HN,86415ca2fffffff,Regular,1300000
2026-07-01,Ride,HN,86415ca47ffffff,Loyal,300000
2026-07-01,Ride,HN,86415ca47ffffff,New,200000
2026-07-01,Ride,HN,86415ca47ffffff,Regular,500000
2026-07-01,Ride,HN,86415ca67ffffff,Loyal,3500000
2026-07-01,Ride,HN,86415ca67ffffff,New,1800000
2026-07-01,Ride,HN,86415ca67ffffff,Regular,3900000
2026-07-01,Ride,HN,86415ca6fffffff,Loyal,1200000
2026-07-01,Ride,HN,86415ca6fffffff,New,700000
2026-07-01,Ride,HN,86415ca6fffffff,Regular,1800000
2026-07-01,Ride,HN,86415ca77ffffff,Loyal,700000
2026-07-01,Ride,HN,86415ca77ffffff,New,200000
2026-07-01,Ride,HN,86415ca77ffffff,Regular,800000
2026-07-01,Ride,HN,86415cb47ffffff,Loyal,1300000
2026-07-01,Ride,HN,86415cb47ffffff,New,500000
2026-07-01,Ride,HN,86415cb47ffffff,Regular,2100000
2026-07-01,Ride,HN,86415cb4fffffff,Loyal,3300000
2026-07-01,Ride,HN,86415cb4fffffff,New,1700000
2026-07-01,Ride,HN,86415cb4fffffff,Regular,5000000
2026-07-01,Ride,HN,86415cb57ffffff,Loyal,800000
2026-07-01,Ride,HN,86415cb57ffffff,New,300000
2026-07-01,Ride,HN,86415cb57ffffff,Regular,800000
2026-07-01,Ride,HN,86415cb5fffffff,Loyal,4900000
2026-07-01,Ride,HN,86415cb5fffffff,New,2300000
2026-07-01,Ride,HN,86415cb5fffffff,Regular,5600000
2026-07-01,Ride,HN,86415cb67ffffff,Loyal,1300000
2026-07-01,Ride,HN,86415cb67ffffff,New,600000
2026-07-01,Ride,HN,86415cb67ffffff,Regular,2300000
2026-07-01,Ride,HN,86415cb6fffffff,Loyal,2200000
2026-07-01,Ride,HN,86415cb6fffffff,New,1200000
2026-07-01,Ride,HN,86415cb6fffffff,Regular,4700000
2026-07-01,Ride,HN,86415cb77ffffff,Loyal,400000
2026-07-01,Ride,HN,86415cb77ffffff,New,200000
2026-07-01,Ride,HN,86415cb77ffffff,Regular,300000
2026-08-01,Food,HN,864143687ffffff,Loyal,1000000
2026-08-01,Food,HN,864143687ffffff,New,600000
2026-08-01,Food,HN,864143687ffffff,Regular,1200000
2026-08-01,Food,HN,864143697ffffff,Loyal,5000000
2026-08-01,Food,HN,864143697ffffff,New,3800000
2026-08-01,Food,HN,864143697ffffff,Regular,6400000
2026-08-01,Food,HN,86414369fffffff,Loyal,400000
2026-08-01,Food,HN,86414369fffffff,New,700000
2026-08-01,Food,HN,86414369fffffff,Regular,1400000
2026-08-01,Food,HN,8641436a7ffffff,Loyal,1400000
2026-08-01,Food,HN,8641436a7ffffff,New,1400000
2026-08-01,Food,HN,8641436a7ffffff,Regular,3600000
2026-08-01,Food,HN,8641436b7ffffff,Loyal,1600000
2026-08-01,Food,HN,8641436b7ffffff,New,1700000
2026-08-01,Food,HN,8641436b7ffffff,Regular,2500000
2026-08-01,Food,HN,86414379fffffff,Loyal,700000
2026-08-01,Food,HN,86414379fffffff,New,500000
2026-08-01,Food,HN,86414379fffffff,Regular,900000
2026-08-01,Food,HN,86415ca2fffffff,Loyal,1800000
2026-08-01,Food,HN,86415ca2fffffff,New,1100000
2026-08-01,Food,HN,86415ca2fffffff,Regular,3200000
2026-08-01,Food,HN,86415ca47ffffff,Loyal,700000
2026-08-01,Food,HN,86415ca47ffffff,New,600000
2026-08-01,Food,HN,86415ca47ffffff,Regular,800000
2026-08-01,Food,HN,86415ca67ffffff,Loyal,5800000
2026-08-01,Food,HN,86415ca67ffffff,New,2900000
2026-08-01,Food,HN,86415ca67ffffff,Regular,5600000
2026-08-01,Food,HN,86415ca6fffffff,Loyal,1800000
2026-08-01,Food,HN,86415ca6fffffff,New,1400000
2026-08-01,Food,HN,86415ca6fffffff,Regular,3300000
2026-08-01,Food,HN,86415ca77ffffff,Loyal,800000
2026-08-01,Food,HN,86415ca77ffffff,New,800000
2026-08-01,Food,HN,86415ca77ffffff,Regular,1700000
2026-08-01,Food,HN,86415cb47ffffff,Loyal,2200000
2026-08-01,Food,HN,86415cb47ffffff,New,1500000
2026-08-01,Food,HN,86415cb47ffffff,Regular,2900000
2026-08-01,Food,HN,86415cb4fffffff,Loyal,5900000
2026-08-01,Food,HN,86415cb4fffffff,New,4400000
2026-08-01,Food,HN,86415cb4fffffff,Regular,5100000
2026-08-01,Food,HN,86415cb57ffffff,Loyal,1100000
2026-08-01,Food,HN,86415cb57ffffff,New,700000
2026-08-01,Food,HN,86415cb57ffffff,Regular,1300000
2026-08-01,Food,HN,86415cb5fffffff,Loyal,7500000
2026-08-01,Food,HN,86415cb5fffffff,New,5700000
2026-08-01,Food,HN,86415cb5fffffff,Regular,11500000
2026-08-01,Food,HN,86415cb67ffffff,Loyal,1700000
2026-08-01,Food,HN,86415cb67ffffff,New,1300000
2026-08-01,Food,HN,86415cb67ffffff,Regular,2800000
2026-08-01,Food,HN,86415cb6fffffff,Loyal,4000000
2026-08-01,Food,HN,86415cb6fffffff,New,3200000
2026-08-01,Food,HN,86415cb6fffffff,Regular,6200000
2026-08-01,Food,HN,86415cb77ffffff,Loyal,600000
2026-08-01,Food,HN,86415cb77ffffff,New,400000
2026-08-01,Food,HN,86415cb77ffffff,Regular,500000
2026-08-01,Ride,HN,864143687ffffff,Loyal,500000
2026-08-01,Ride,HN,864143687ffffff,New,100000
2026-08-01,Ride,HN,864143687ffffff,Regular,400000
2026-08-01,Ride,HN,864143697ffffff,Loyal,2500000
2026-08-01,Ride,HN,864143697ffffff,New,2200000
2026-08-01,Ride,HN,864143697ffffff,Regular,2200000
2026-08-01,Ride,HN,86414369fffffff,Loyal,500000
2026-08-01,Ride,HN,86414369fffffff,New,300000
2026-08-01,Ride,HN,86414369fffffff,Regular,700000
2026-08-01,Ride,HN,8641436a7ffffff,Loyal,1300000
2026-08-01,Ride,HN,8641436a7ffffff,New,900000
2026-08-01,Ride,HN,8641436a7ffffff,Regular,1000000
2026-08-01,Ride,HN,8641436b7ffffff,Loyal,1200000
2026-08-01,Ride,HN,8641436b7ffffff,New,700000
2026-08-01,Ride,HN,8641436b7ffffff,Regular,900000
2026-08-01,Ride,HN,86414379fffffff,Loyal,700000
2026-08-01,Ride,HN,86414379fffffff,New,200000
2026-08-01,Ride,HN,86414379fffffff,Regular,400000
2026-08-01,Ride,HN,86415ca2fffffff,Loyal,700000
2026-08-01,Ride,HN,86415ca2fffffff,New,500000
2026-08-01,Ride,HN,86415ca2fffffff,Regular,1100000
2026-08-01,Ride,HN,86415ca47ffffff,Loyal,400000
2026-08-01,Ride,HN,86415ca47ffffff,New,300000
2026-08-01,Ride,HN,86415ca47ffffff,Regular,300000
2026-08-01,Ride,HN,86415ca67ffffff,Loyal,3300000
2026-08-01,Ride,HN,86415ca67ffffff,New,1400000
2026-08-01,Ride,HN,86415ca67ffffff,Regular,3400000
2026-08-01,Ride,HN,86415ca6fffffff,Loyal,1300000
2026-08-01,Ride,HN,86415ca6fffffff,New,900000
2026-08-01,Ride,HN,86415ca6fffffff,Regular,1400000
2026-08-01,Ride,HN,86415ca77ffffff,Loyal,300000
2026-08-01,Ride,HN,86415ca77ffffff,New,500000
2026-08-01,Ride,HN,86415ca77ffffff,Regular,600000
2026-08-01,Ride,HN,86415cb47ffffff,Loyal,1100000
2026-08-01,Ride,HN,86415cb47ffffff,New,500000
2026-08-01,Ride,HN,86415cb47ffffff,Regular,1400000
2026-08-01,Ride,HN,86415cb4fffffff,Loyal,2800000
2026-08-01,Ride,HN,86415cb4fffffff,New,1800000
2026-08-01,Ride,HN,86415cb4fffffff,Regular,3700000
2026-08-01,Ride,HN,86415cb57ffffff,Loyal,600000
2026-08-01,Ride,HN,86415cb57ffffff,New,400000
2026-08-01,Ride,HN,86415cb57ffffff,Regular,700000
2026-08-01,Ride,HN,86415cb5fffffff,Loyal,4100000
2026-08-01,Ride,HN,86415cb5fffffff,New,3300000
2026-08-01,Ride,HN,86415cb5fffffff,Regular,4600000
2026-08-01,Ride,HN,86415cb67ffffff,Loyal,900000
2026-08-01,Ride,HN,86415cb67ffffff,New,900000
2026-08-01,Ride,HN,86415cb67ffffff,Regular,1000000
2026-08-01,Ride,HN,86415cb6fffffff,Loyal,2600000
2026-08-01,Ride,HN,86415cb6fffffff,New,2400000
2026-08-01,Ride,HN,86415cb6fffffff,Regular,3300000
2026-08-01,Ride,HN,86415cb77ffffff,Loyal,400000
2026-08-01,Ride,HN,86415cb77ffffff,New,100000
2026-08-01,Ride,HN,86415cb77ffffff,Regular,300000
